

INSERT INTO TRAVELMAKER.TBL_FILE (ID, CREATED_DATE, UPDATED_DATE, DELETED, FILE_NAME, FILE_PATH, FILE_SIZE, FILE_TYPE, FILE_UUID) VALUES(1, '2023-08-13 00:09:07.419', '2023-08-13 00:09:07.419', 0, '계룡상품권.jpg', '2023/08/13', 46784, 'GENERAL', '734f3366-c02b-488b-bf72-18c05fc6fd56');
INSERT INTO TRAVELMAKER.TBL_FILE (ID, CREATED_DATE, UPDATED_DATE, DELETED, FILE_NAME, FILE_PATH, FILE_SIZE, FILE_TYPE, FILE_UUID) VALUES(2, '2023-08-13 00:09:07.440', '2023-08-13 00:09:07.440', 0, '군산상품권.jpg', '2023/08/13', 497430, 'GENERAL', 'd1bfcbb9-78fe-4406-9d4c-b78875c8437c');
INSERT INTO TRAVELMAKER.TBL_FILE (ID, CREATED_DATE, UPDATED_DATE, DELETED, FILE_NAME, FILE_PATH, FILE_SIZE, FILE_TYPE, FILE_UUID) VALUES(3, '2023-08-13 00:09:07.449', '2023-08-13 00:09:07.449', 0, '당진상품권.jpg', '2023/08/13', 334596, 'GENERAL', '08ccc189-9a37-4e9b-836c-6692f21101ff');
INSERT INTO TRAVELMAKER.TBL_FILE (ID, CREATED_DATE, UPDATED_DATE, DELETED, FILE_NAME, FILE_PATH, FILE_SIZE, FILE_TYPE, FILE_UUID) VALUES(4, '2023-08-13 00:09:07.458', '2023-08-13 00:09:07.458', 0, '목포상품권.jpg', '2023/08/13', 76126, 'GENERAL', '063c48d5-458f-44b6-89ff-666f987db03a');
INSERT INTO TRAVELMAKER.TBL_FILE (ID, CREATED_DATE, UPDATED_DATE, DELETED, FILE_NAME, FILE_PATH, FILE_SIZE, FILE_TYPE, FILE_UUID) VALUES(5, '2023-08-13 00:09:07.468', '2023-08-13 00:09:07.468', 0, '무안상품권.jpg', '2023/08/13', 89068, 'GENERAL', 'd23e2460-fa35-40b8-9e0d-943ec6c45c79');
INSERT INTO TRAVELMAKER.TBL_FILE (ID, CREATED_DATE, UPDATED_DATE, DELETED, FILE_NAME, FILE_PATH, FILE_SIZE, FILE_TYPE, FILE_UUID) VALUES(6, '2023-08-13 00:09:07.475', '2023-08-13 00:09:07.475', 0, '봉화상품권.jpg', '2023/08/13', 99587, 'GENERAL', '6eaf0861-b122-4249-abd2-c261760197d6');
INSERT INTO TRAVELMAKER.TBL_FILE (ID, CREATED_DATE, UPDATED_DATE, DELETED, FILE_NAME, FILE_PATH, FILE_SIZE, FILE_TYPE, FILE_UUID) VALUES(7, '2023-08-13 00:09:07.485', '2023-08-13 00:09:07.485', 0, '여수상품권.jpg', '2023/08/13', 41143, 'GENERAL', 'dc6a27ba-f8ac-4f1c-9a1f-d1e642f51aef');
INSERT INTO TRAVELMAKER.TBL_FILE (ID, CREATED_DATE, UPDATED_DATE, DELETED, FILE_NAME, FILE_PATH, FILE_SIZE, FILE_TYPE, FILE_UUID) VALUES(8, '2023-08-13 00:09:07.492', '2023-08-13 00:09:07.492', 0, '영주상품권.png', '2023/08/13', 122776, 'GENERAL', 'f5f745d1-54b3-4273-beb9-d9b7c7d4ba5c');
INSERT INTO TRAVELMAKER.TBL_FILE (ID, CREATED_DATE, UPDATED_DATE, DELETED, FILE_NAME, FILE_PATH, FILE_SIZE, FILE_TYPE, FILE_UUID) VALUES(9, '2023-08-13 00:09:07.501', '2023-08-13 00:09:07.501', 0, '장수상품권.jpg', '2023/08/13', 297205, 'GENERAL', 'e1fe481f-5b64-4148-9e02-61abb905bc63');
INSERT INTO TRAVELMAKER.TBL_FILE (ID, CREATED_DATE, UPDATED_DATE, DELETED, FILE_NAME, FILE_PATH, FILE_SIZE, FILE_TYPE, FILE_UUID) VALUES(10, '2023-08-13 00:09:07.508', '2023-08-13 00:09:07.508', 0, '제주상품권.jpg', '2023/08/13', 159078, 'GENERAL', '0c18c854-6de6-43da-ab5e-157ffc82f884');
INSERT INTO TRAVELMAKER.TBL_FILE (ID, CREATED_DATE, UPDATED_DATE, DELETED, FILE_NAME, FILE_PATH, FILE_SIZE, FILE_TYPE, FILE_UUID) VALUES(11, '2023-08-13 00:09:07.517', '2023-08-13 00:09:07.517', 0, '진도군상품권.jpg', '2023/08/13', 114182, 'GENERAL', '34ba8f55-5853-4526-8bdc-7e3fac91e84c');
INSERT INTO TRAVELMAKER.TBL_FILE (ID, CREATED_DATE, UPDATED_DATE, DELETED, FILE_NAME, FILE_PATH, FILE_SIZE, FILE_TYPE, FILE_UUID) VALUES(12, '2023-08-13 00:09:07.524', '2023-08-13 00:09:07.524', 0, '춘천상품권.jpg', '2023/08/13', 21528, 'GENERAL', '202baa0d-d9d4-456e-a90d-3d61792b4778');
INSERT INTO TRAVELMAKER.TBL_FILE (ID, CREATED_DATE, UPDATED_DATE, DELETED, FILE_NAME, FILE_PATH, FILE_SIZE, FILE_TYPE, FILE_UUID) VALUES(13, '2023-08-13 00:09:07.533', '2023-08-13 00:09:07.533', 0, '충주상품권.jpg', '2023/08/13', 143889, 'GENERAL', '7b988eb8-d596-4934-ae2f-c8eaa225b7e5');
INSERT INTO TRAVELMAKER.TBL_FILE (ID, CREATED_DATE, UPDATED_DATE, DELETED, FILE_NAME, FILE_PATH, FILE_SIZE, FILE_TYPE, FILE_UUID) VALUES(14, '2023-08-13 00:09:07.539', '2023-08-13 00:09:07.539', 0, '포항상품권.jpg', '2023/08/13', 186219, 'GENERAL', 'c5c85f20-89c2-4a9c-b79b-48c8f34624b1');
INSERT INTO TRAVELMAKER.TBL_FILE (ID, CREATED_DATE, UPDATED_DATE, DELETED, FILE_NAME, FILE_PATH, FILE_SIZE, FILE_TYPE, FILE_UUID) VALUES(15, '2023-08-13 00:09:07.549', '2023-08-13 00:09:07.549', 0, '함평군상품권.jpg', '2023/08/13', 170004, 'GENERAL', 'd98501d0-6dcf-4b8c-90cf-0b52367687c6');

INSERT INTO TRAVELMAKER.TBL_GIFT_CARD (ID, CREATED_DATE, UPDATED_DATE, DELETED, GIFT_CARD_PRICE, GIFT_CARD_REGION, GIFT_CARD_REGION_DETAIL, GIFT_CARD_TITLE) VALUES(16, '2023-08-13 00:09:07.419', '2023-08-13 00:09:07.419', 0, 10000, '충청도', '계룡', '계롱 중앙시장 10,000원 상품권');
INSERT INTO TRAVELMAKER.TBL_GIFT_CARD (ID, CREATED_DATE, UPDATED_DATE, DELETED, GIFT_CARD_PRICE, GIFT_CARD_REGION, GIFT_CARD_REGION_DETAIL, GIFT_CARD_TITLE) VALUES(17, '2023-08-13 00:09:07.419', '2023-08-13 00:09:07.419', 0, 10000, '전라도', '군산', '군산 중앙시장 10,000원 상품권');
INSERT INTO TRAVELMAKER.TBL_GIFT_CARD (ID, CREATED_DATE, UPDATED_DATE, DELETED, GIFT_CARD_PRICE, GIFT_CARD_REGION, GIFT_CARD_REGION_DETAIL, GIFT_CARD_TITLE) VALUES(18, '2023-08-13 00:09:07.419', '2023-08-13 00:09:07.419', 0, 10000, '충청도', '당진', '당진 중앙시장 10,000원 상품권');
INSERT INTO TRAVELMAKER.TBL_GIFT_CARD (ID, CREATED_DATE, UPDATED_DATE, DELETED, GIFT_CARD_PRICE, GIFT_CARD_REGION, GIFT_CARD_REGION_DETAIL, GIFT_CARD_TITLE) VALUES(19, '2023-08-13 00:09:07.419', '2023-08-13 00:09:07.419', 0, 10000, '전라도', '목포', '목포 중앙시장 10,000원 상품권');
INSERT INTO TRAVELMAKER.TBL_GIFT_CARD (ID, CREATED_DATE, UPDATED_DATE, DELETED, GIFT_CARD_PRICE, GIFT_CARD_REGION, GIFT_CARD_REGION_DETAIL, GIFT_CARD_TITLE) VALUES(20, '2023-08-13 00:09:07.419', '2023-08-13 00:09:07.419', 0, 10000, '전라도', '무안', '무안 중앙시장 10,000원 상품권');
INSERT INTO TRAVELMAKER.TBL_GIFT_CARD (ID, CREATED_DATE, UPDATED_DATE, DELETED, GIFT_CARD_PRICE, GIFT_CARD_REGION, GIFT_CARD_REGION_DETAIL, GIFT_CARD_TITLE) VALUES(21, '2023-08-13 00:09:07.419', '2023-08-13 00:09:07.419', 0, 10000, '경상도', '봉화', '봉화 중앙시장 10,000원 상품권');
INSERT INTO TRAVELMAKER.TBL_GIFT_CARD (ID, CREATED_DATE, UPDATED_DATE, DELETED, GIFT_CARD_PRICE, GIFT_CARD_REGION, GIFT_CARD_REGION_DETAIL, GIFT_CARD_TITLE) VALUES(22, '2023-08-13 00:09:07.419', '2023-08-13 00:09:07.419', 0, 10000, '전라도', '여수', '여수 중앙시장 10,000원 상품권');
INSERT INTO TRAVELMAKER.TBL_GIFT_CARD (ID, CREATED_DATE, UPDATED_DATE, DELETED, GIFT_CARD_PRICE, GIFT_CARD_REGION, GIFT_CARD_REGION_DETAIL, GIFT_CARD_TITLE) VALUES(23, '2023-08-13 00:09:07.419', '2023-08-13 00:09:07.419', 0, 10000, '경상도', '영주', '영주 중앙시장 10,000원 상품권');
INSERT INTO TRAVELMAKER.TBL_GIFT_CARD (ID, CREATED_DATE, UPDATED_DATE, DELETED, GIFT_CARD_PRICE, GIFT_CARD_REGION, GIFT_CARD_REGION_DETAIL, GIFT_CARD_TITLE) VALUES(24, '2023-08-13 00:09:07.419', '2023-08-13 00:09:07.419', 0, 10000, '전라도', '장수', '장수 중앙시장 10,000원 상품권');
INSERT INTO TRAVELMAKER.TBL_GIFT_CARD (ID, CREATED_DATE, UPDATED_DATE, DELETED, GIFT_CARD_PRICE, GIFT_CARD_REGION, GIFT_CARD_REGION_DETAIL, GIFT_CARD_TITLE) VALUES(25, '2023-08-13 00:09:07.419', '2023-08-13 00:09:07.419', 0, 10000, '제주도', '제주', '제주 중앙시장 10,000원 상품권');
INSERT INTO TRAVELMAKER.TBL_GIFT_CARD (ID, CREATED_DATE, UPDATED_DATE, DELETED, GIFT_CARD_PRICE, GIFT_CARD_REGION, GIFT_CARD_REGION_DETAIL, GIFT_CARD_TITLE) VALUES(26, '2023-08-13 00:09:07.419', '2023-08-13 00:09:07.419', 0, 10000, '전라도', '진도', '진도 중앙시장 10,000원 상품권');
INSERT INTO TRAVELMAKER.TBL_GIFT_CARD (ID, CREATED_DATE, UPDATED_DATE, DELETED, GIFT_CARD_PRICE, GIFT_CARD_REGION, GIFT_CARD_REGION_DETAIL, GIFT_CARD_TITLE) VALUES(27, '2023-08-13 00:09:07.419', '2023-08-13 00:09:07.419', 0, 10000, '강원도', '춘천', '춘천 중앙시장 10,000원 상품권');
INSERT INTO TRAVELMAKER.TBL_GIFT_CARD (ID, CREATED_DATE, UPDATED_DATE, DELETED, GIFT_CARD_PRICE, GIFT_CARD_REGION, GIFT_CARD_REGION_DETAIL, GIFT_CARD_TITLE) VALUES(28, '2023-08-13 00:09:07.419', '2023-08-13 00:09:07.419', 0, 10000, '충청도', '충주', '충주 중앙시장 10,000원 상품권');
INSERT INTO TRAVELMAKER.TBL_GIFT_CARD (ID, CREATED_DATE, UPDATED_DATE, DELETED, GIFT_CARD_PRICE, GIFT_CARD_REGION, GIFT_CARD_REGION_DETAIL, GIFT_CARD_TITLE) VALUES(29, '2023-08-13 00:09:07.419', '2023-08-13 00:09:07.419', 0, 10000, '경상도', '포항', '포항 중앙시장 10,000원 상품권');
INSERT INTO TRAVELMAKER.TBL_GIFT_CARD (ID, CREATED_DATE, UPDATED_DATE, DELETED, GIFT_CARD_PRICE, GIFT_CARD_REGION, GIFT_CARD_REGION_DETAIL, GIFT_CARD_TITLE) VALUES(30, '2023-08-13 00:09:07.419', '2023-08-13 00:09:07.419', 0, 10000, '전라도', '함평', '계롱 중앙시장 10,000원 상품권');

INSERT INTO TRAVELMAKER.TBL_GIFT_CARD_FILE (ID, GIFT_CARD_ID) VALUES(1, 16);
INSERT INTO TRAVELMAKER.TBL_GIFT_CARD_FILE (ID, GIFT_CARD_ID) VALUES(2, 17);
INSERT INTO TRAVELMAKER.TBL_GIFT_CARD_FILE (ID, GIFT_CARD_ID) VALUES(3, 18);
INSERT INTO TRAVELMAKER.TBL_GIFT_CARD_FILE (ID, GIFT_CARD_ID) VALUES(4, 19);
INSERT INTO TRAVELMAKER.TBL_GIFT_CARD_FILE (ID, GIFT_CARD_ID) VALUES(5, 20);
INSERT INTO TRAVELMAKER.TBL_GIFT_CARD_FILE (ID, GIFT_CARD_ID) VALUES(6, 21);
INSERT INTO TRAVELMAKER.TBL_GIFT_CARD_FILE (ID, GIFT_CARD_ID) VALUES(7, 22);
INSERT INTO TRAVELMAKER.TBL_GIFT_CARD_FILE (ID, GIFT_CARD_ID) VALUES(8, 23);
INSERT INTO TRAVELMAKER.TBL_GIFT_CARD_FILE (ID, GIFT_CARD_ID) VALUES(9, 24);
INSERT INTO TRAVELMAKER.TBL_GIFT_CARD_FILE (ID, GIFT_CARD_ID) VALUES(10, 25);
INSERT INTO TRAVELMAKER.TBL_GIFT_CARD_FILE (ID, GIFT_CARD_ID) VALUES(11, 26);
INSERT INTO TRAVELMAKER.TBL_GIFT_CARD_FILE (ID, GIFT_CARD_ID) VALUES(12, 27);
INSERT INTO TRAVELMAKER.TBL_GIFT_CARD_FILE (ID, GIFT_CARD_ID) VALUES(13, 28);
INSERT INTO TRAVELMAKER.TBL_GIFT_CARD_FILE (ID, GIFT_CARD_ID) VALUES(14, 29);
INSERT INTO TRAVELMAKER.TBL_GIFT_CARD_FILE (ID, GIFT_CARD_ID) VALUES(15, 30);

INSERT INTO TRAVELMAKER.TBL_FILE
(ID, CREATED_DATE, UPDATED_DATE, DELETED, FILE_NAME, FILE_PATH, FILE_SIZE, FILE_TYPE, FILE_UUID)
VALUES(31, '2023-08-11 15:03:53.809', '2023-08-11 15:03:53.809', 0, '할아버지.jpg', '2023/08/11', 0, 'jpg', 'asdfasdf');


INSERT INTO TRAVELMAKER.TBL_MEMBER
(ID,
CREATED_DATE,
UPDATED_DATE,
ADDRESS,
ADDRESS_DETAIL,
POSTCODE,
EMAIL_BENEFIT_EVENT,
EMAIL_SUGGESTION,
SNS_BENEFIT_EVENT,
DELETED,
MEMBER_ECO_POINT,
MEMBER_EMAIL,
MEMBER_INTEREST_REGION,
MEMBER_JOIN_ACCOUNT_TYPE,
MEMBER_NAME,
MEMBER_PHONE,
MEMBER_PW,
MEMBER_ROLE,
SNS_PROFILE,
FILE_ID)
VALUES(32, '2023-08-11 15:03:53.809', '2023-08-11 15:03:53.809', '제주특별자치도 제주시 한림읍 금악리 1025', 'J아파트 202동 303호', '63021', 0, 0, 0, 0, 100000, 'dodunge@gmail.com', '서울, 부산', 'GENERAL', '홍길동', '01012345678', '1234', 'GENERAL', '', 31);


INSERT INTO TRAVELMAKER.TBL_THEME
(ID, CREATED_DATE, UPDATED_DATE, DELETED, THEME_CONTENT, THEME_END_DATE, THEME_START_DATE, THEME_TITLE, MEMBER_ID)
VALUES(1, '2023-08-17 20:52:25.179', '2023-08-17 20:52:25.179', 0, '테마1 내용', '2023-08-28 20:52:25.179', '2023-08-30 20:52:25.179', '테마1 제목', 31);
INSERT INTO TRAVELMAKER.TBL_THEME
(ID, CREATED_DATE, UPDATED_DATE, DELETED, THEME_CONTENT, THEME_END_DATE, THEME_START_DATE, THEME_TITLE, MEMBER_ID)
VALUES(2, '2023-08-17 20:52:25.179', '2023-08-17 20:52:25.179', 0, '테마2 내용', '2023-08-28 20:52:25.179', '2023-08-30 20:52:25.179', '테마2 제목', 31);


INSERT INTO TRAVELMAKER.TBL_FILE
(ID, CREATED_DATE, UPDATED_DATE, DELETED, FILE_NAME, FILE_PATH, FILE_SIZE, FILE_TYPE, FILE_UUID)
VALUES(42, '2023-08-17 20:52:25.179', '2023-08-17 20:52:25.179', 0, '업체썸네일.jpg', '2023/08/17', 11609, 'GENERAL', '3997e8de-2e07-4242-918a-fb3a1a42d6fb');
INSERT INTO TRAVELMAKER.TBL_FILE
(ID, CREATED_DATE, UPDATED_DATE, DELETED, FILE_NAME, FILE_PATH, FILE_SIZE, FILE_TYPE, FILE_UUID)
VALUES(43, '2023-08-18 18:41:55.373', '2023-08-18 18:41:55.373', 0, 'j호텔썸네일.jpg', '2023/08/18', 13930, 'GENERAL', 'bbeff138-d21e-4597-80aa-921d6e2826a9');


INSERT INTO TRAVELMAKER.TBL_THEME_FILE
(ID, THEME_ID)
VALUES(42, 1);
INSERT INTO TRAVELMAKER.TBL_THEME_FILE
(ID, THEME_ID)
VALUES(43, 2);

INSERT INTO TRAVELMAKER.TBL_THEME_BOOKMARK
(ID, CREATED_DATE, UPDATED_DATE, DELETED, MEMBER_ID, THEME_ID)
VALUES(11, '2023-08-19 20:52:25.179', '2023-08-19 20:52:25.179', 0, 31, 1);
INSERT INTO TRAVELMAKER.TBL_THEME_BOOKMARK
(ID, CREATED_DATE, UPDATED_DATE, DELETED, MEMBER_ID, THEME_ID)
VALUES(12, '2023-08-19 20:52:25.179', '2023-08-19 20:52:25.179', 0, 31, 2);


INSERT INTO TRAVELMAKER.TBL_COMMUNITY
(ID, CREATED_DATE, UPDATED_DATE, COMMUNITY_CATEGORY, COMMUNITY_CONTENT, COMMUNITY_TITLE, DELETED, MEMBER_ID)
VALUES(1, '2023-08-17 20:52:25.179850', '2023-08-17 20:52:25.179850', 'REVIEW', '커뮤니티1 내용', '커뮤니티1 제목', 0, 31);
INSERT INTO TRAVELMAKER.TBL_COMMUNITY
(ID, CREATED_DATE, UPDATED_DATE, COMMUNITY_CATEGORY, COMMUNITY_CONTENT, COMMUNITY_TITLE, DELETED, MEMBER_ID)
VALUES(2, '2023-08-17 20:52:25.179850', '2023-08-17 20:52:25.179850', 'IMPROVEMENT', '커뮤니티2 내용', '커뮤니티2 제목', 0, 31);
INSERT INTO TRAVELMAKER.TBL_COMMUNITY
(ID, CREATED_DATE, UPDATED_DATE, COMMUNITY_CATEGORY, COMMUNITY_CONTENT, COMMUNITY_TITLE, DELETED, MEMBER_ID)
VALUES(3, '2023-08-17 20:52:25.179850', '2023-08-17 20:52:25.179850', 'COMMUNICATION', '커뮤니티3 내용', '커뮤니티3 제목', 0, 31);

INSERT INTO TRAVELMAKER.TBL_FILE
(ID, CREATED_DATE, UPDATED_DATE, DELETED, FILE_NAME, FILE_PATH, FILE_SIZE, FILE_TYPE, FILE_UUID)
VALUES(100, TIMESTAMP '2023-08-17 20:52:25.179850', TIMESTAMP '2023-08-17 20:52:25.179850', 0, '업체썸네일.jpg', '2023/08/17', 11609, 'REPRESENTATIVE', '3997e8de-2e07-4242-918a-fb3a1a42d6fb');
INSERT INTO TRAVELMAKER.TBL_FILE
(ID, CREATED_DATE, UPDATED_DATE, DELETED, FILE_NAME, FILE_PATH, FILE_SIZE, FILE_TYPE, FILE_UUID)
VALUES(101, TIMESTAMP '2023-08-17 20:52:25.181401', TIMESTAMP '2023-08-17 20:52:25.181401', 0, '스타벅스내부1.jpg', '2023/08/17', 10981, 'GENERAL', 'b1a89c77-566b-4bcd-a2c1-5997443756ca');
INSERT INTO TRAVELMAKER.TBL_FILE
(ID, CREATED_DATE, UPDATED_DATE, DELETED, FILE_NAME, FILE_PATH, FILE_SIZE, FILE_TYPE, FILE_UUID)
VALUES(102, TIMESTAMP '2023-08-18 00:05:45.565617', TIMESTAMP '2023-08-18 00:05:45.565617', 0, 'j호텔썸네일.jpg', '2023/08/18', 13930, 'REPRESENTATIVE', '67c2da15-058e-4039-baae-800043d72b8d');

INSERT INTO TRAVELMAKER.TBL_COMMUNITY_FILE
(ID, COMMUNITY_ID)
VALUES(100, 1);
INSERT INTO TRAVELMAKER.TBL_COMMUNITY_FILE
(ID, COMMUNITY_ID)
VALUES(101, 2);
INSERT INTO TRAVELMAKER.TBL_COMMUNITY_FILE
(ID, COMMUNITY_ID)
VALUES(102, 3);

INSERT INTO TRAVELMAKER.TBL_COMMUNITY_LIKE
(ID, CREATED_DATE, UPDATED_DATE, DELETED, COMMUNITY_ID, MEMBER_ID)
VALUES(10, '2023-08-18 00:05:45.565617', '2023-08-18 00:05:45.565617', 0, 1, 31);
INSERT INTO TRAVELMAKER.TBL_COMMUNITY_LIKE
(ID, CREATED_DATE, UPDATED_DATE, DELETED, COMMUNITY_ID, MEMBER_ID)
VALUES(20, '2023-08-18 00:05:45.565617', '2023-08-18 00:05:45.565617', 0, 2, 31);
INSERT INTO TRAVELMAKER.TBL_COMMUNITY_LIKE
(ID, CREATED_DATE, UPDATED_DATE, DELETED, COMMUNITY_ID, MEMBER_ID)
VALUES(30, '2023-08-18 00:05:45.565617', '2023-08-18 00:05:45.565617', 0, 3, 31);
INSERT INTO TRAVELMAKER.TBL_COMMUNITY_LIKE
(ID, CREATED_DATE, UPDATED_DATE, DELETED, COMMUNITY_ID, MEMBER_ID)
VALUES(40, '2023-08-18 00:05:45.565617', '2023-08-18 00:05:45.565617', 0, 1, 32);
INSERT INTO TRAVELMAKER.TBL_COMMUNITY_LIKE
(ID, CREATED_DATE, UPDATED_DATE, DELETED, COMMUNITY_ID, MEMBER_ID)
VALUES(50, '2023-08-18 00:05:45.565617', '2023-08-18 00:05:45.565617', 0, 1, 61);





INSERT INTO TRAVELMAKER.TBL_STORY
(ID, CREATED_DATE, UPDATED_DATE, DELETED, STORY_CONTENT, STORY_TITLE, MEMBER_ID)
VALUES(1, '2023-08-18 18:41:00.299243', '2023-08-18 18:41:00.299243', 0, '스토리1 내용', '스토리1 제목', 32);
INSERT INTO TRAVELMAKER.TBL_STORY
(ID, CREATED_DATE, UPDATED_DATE, DELETED, STORY_CONTENT, STORY_TITLE, MEMBER_ID)
VALUES(2, '2023-08-18 18:41:00.299243', '2023-08-18 18:41:00.299243', 0, '스토리2 내용', '스토리2 제목', 31);
INSERT INTO TRAVELMAKER.TBL_STORY
(ID, CREATED_DATE, UPDATED_DATE, DELETED, STORY_CONTENT, STORY_TITLE, MEMBER_ID)
VALUES(3, '2023-08-18 18:41:00.299243', '2023-08-18 18:41:00.299243', 0, '스토리3 내용', '스토리3 제목', 61);
INSERT INTO TRAVELMAKER.TBL_STORY
(ID, CREATED_DATE, UPDATED_DATE, DELETED, STORY_CONTENT, STORY_TITLE, MEMBER_ID)
VALUES(4, '2023-08-18 18:41:00.299243', '2023-08-18 18:41:00.299243', 0, '스토리4 내용', '스토리4 제목', 61);
INSERT INTO TRAVELMAKER.TBL_STORY
(ID, CREATED_DATE, UPDATED_DATE, DELETED, STORY_CONTENT, STORY_TITLE, MEMBER_ID)
VALUES(5, '2023-08-18 18:41:00.299243', '2023-08-18 18:41:00.299243', 0, '스토리5 내용', '스토리5 제목', 62);

INSERT INTO TRAVELMAKER.TBL_FILE
(ID, CREATED_DATE, UPDATED_DATE, DELETED, FILE_NAME, FILE_PATH, FILE_SIZE, FILE_TYPE, FILE_UUID)
VALUES(200, TIMESTAMP '2023-08-18 18:41:00.299243', TIMESTAMP '2023-08-18 18:41:00.299243', 0, '스타벅스외부1.jpg', '2023/08/18', 11958, 'GENERAL', '07b2e36b-020e-4fe2-995c-c0a89a9573c3');
INSERT INTO TRAVELMAKER.TBL_FILE
(ID, CREATED_DATE, UPDATED_DATE, DELETED, FILE_NAME, FILE_PATH, FILE_SIZE, FILE_TYPE, FILE_UUID)
VALUES(201, TIMESTAMP '2023-08-18 18:41:55.370011', TIMESTAMP '2023-08-18 18:41:55.370011', 0, 'j호텔수영장.jpg', '2023/08/18', 11537, 'GENERAL', '88380723-9d76-48c0-909c-f26ce331f616');
INSERT INTO TRAVELMAKER.TBL_FILE
(ID, CREATED_DATE, UPDATED_DATE, DELETED, FILE_NAME, FILE_PATH, FILE_SIZE, FILE_TYPE, FILE_UUID)
VALUES(202, TIMESTAMP '2023-08-18 18:41:55.375015', TIMESTAMP '2023-08-18 18:41:55.375015', 0, '객실 내부.jpg', '2023/08/18', 10057, 'GENERAL', 'a519ad03-58bd-4c39-9fe0-af597a9e8877');
INSERT INTO TRAVELMAKER.TBL_FILE
(ID, CREATED_DATE, UPDATED_DATE, DELETED, FILE_NAME, FILE_PATH, FILE_SIZE, FILE_TYPE, FILE_UUID)
VALUES(203, TIMESTAMP '2023-08-18 18:41:55.373036', TIMESTAMP '2023-08-18 18:41:55.373036', 0, 'j호텔썸네일.jpg', '2023/08/18', 13930, 'GENERAL', 'bbeff138-d21e-4597-80aa-921d6e2826a9');
INSERT INTO TRAVELMAKER.TBL_FILE
(ID, CREATED_DATE, UPDATED_DATE, DELETED, FILE_NAME, FILE_PATH, FILE_SIZE, FILE_TYPE, FILE_UUID)
VALUES(204, TIMESTAMP '2023-08-17 20:52:25.179000', TIMESTAMP '2023-08-17 20:52:25.179000', 0, '업체썸네일.jpg', '2023/08/17', 11609, 'GENERAL', '3997e8de-2e07-4242-918a-fb3a1a42d6fb');

INSERT INTO TRAVELMAKER.TBL_STORY_FILE
(ID, STORY_ID)
VALUES(200, 1);
INSERT INTO TRAVELMAKER.TBL_STORY_FILE
(ID, STORY_ID)
VALUES(201, 2);
INSERT INTO TRAVELMAKER.TBL_STORY_FILE
(ID, STORY_ID)
VALUES(202, 3);
INSERT INTO TRAVELMAKER.TBL_STORY_FILE
(ID, STORY_ID)
VALUES(203, 4);
INSERT INTO TRAVELMAKER.TBL_STORY_FILE
(ID, STORY_ID)
VALUES(204, 5);

INSERT INTO TRAVELMAKER.TBL_STORY_LIKE
(ID, CREATED_DATE, UPDATED_DATE, DELETED, MEMBER_ID, STORY_ID)
VALUES(10, '2023-08-17 20:52:25.179000', '2023-08-17 20:52:25.179000', 0, 31, 1);
INSERT INTO TRAVELMAKER.TBL_STORY_LIKE
(ID, CREATED_DATE, UPDATED_DATE, DELETED, MEMBER_ID, STORY_ID)
VALUES(20, '2023-08-17 20:52:25.179000', '2023-08-17 20:52:25.179000', 0, 31, 2);
INSERT INTO TRAVELMAKER.TBL_STORY_LIKE
(ID, CREATED_DATE, UPDATED_DATE, DELETED, MEMBER_ID, STORY_ID)
VALUES(30, '2023-08-17 20:52:25.179000', '2023-08-17 20:52:25.179000', 0, 31, 3);
INSERT INTO TRAVELMAKER.TBL_STORY_LIKE
(ID, CREATED_DATE, UPDATED_DATE, DELETED, MEMBER_ID, STORY_ID)
VALUES(40, '2023-08-17 20:52:25.179000', '2023-08-17 20:52:25.179000', 0, 31, 4);
INSERT INTO TRAVELMAKER.TBL_STORY_LIKE
(ID, CREATED_DATE, UPDATED_DATE, DELETED, MEMBER_ID, STORY_ID)
VALUES(50, '2023-08-17 20:52:25.179000', '2023-08-17 20:52:25.179000', 0, 31, 5);
INSERT INTO TRAVELMAKER.TBL_STORY_LIKE
(ID, CREATED_DATE, UPDATED_DATE, DELETED, MEMBER_ID, STORY_ID)
VALUES(60, '2023-08-17 20:52:25.179000', '2023-08-17 20:52:25.179000', 0, 32, 2);
INSERT INTO TRAVELMAKER.TBL_STORY_LIKE
(ID, CREATED_DATE, UPDATED_DATE, DELETED, MEMBER_ID, STORY_ID)
VALUES(70, '2023-08-17 20:52:25.179000', '2023-08-17 20:52:25.179000', 0, 32, 3);
INSERT INTO TRAVELMAKER.TBL_STORY_LIKE
(ID, CREATED_DATE, UPDATED_DATE, DELETED, MEMBER_ID, STORY_ID)
VALUES(80, '2023-08-17 20:52:25.179000', '2023-08-17 20:52:25.179000', 0, 32, 5);
INSERT INTO TRAVELMAKER.TBL_STORY_LIKE
(ID, CREATED_DATE, UPDATED_DATE, DELETED, MEMBER_ID, STORY_ID)
VALUES(90, '2023-08-17 20:52:25.179000', '2023-08-17 20:52:25.179000', 0, 61, 2);
INSERT INTO TRAVELMAKER.TBL_STORY_LIKE
(ID, CREATED_DATE, UPDATED_DATE, DELETED, MEMBER_ID, STORY_ID)
VALUES(100, '2023-08-17 20:52:25.179000', '2023-08-17 20:52:25.179000', 0, 61, 3);
INSERT INTO TRAVELMAKER.TBL_STORY_LIKE
(ID, CREATED_DATE, UPDATED_DATE, DELETED, MEMBER_ID, STORY_ID)
VALUES(110, '2023-08-17 20:52:25.179000', '2023-08-17 20:52:25.179000', 0, 62, 2);
